{"errors":[],"warnings":[],"namedChunkGroups":{"app":{"chunks":[4,0,1],"assets":["webpack-runtime-cb54dfbfa7a40a951522.js","webpack-runtime-cb54dfbfa7a40a951522.js.map","commons.14cc9f171875772c1fca.css","commons-27f510b9c2fb41829a76.js","commons-27f510b9c2fb41829a76.js.map","app-686b426fefa39778742b.js","app-686b426fefa39778742b.js.map"],"children":{},"childAssets":{}},"component---src-pages-404-js":{"chunks":[0,2],"assets":["commons.14cc9f171875772c1fca.css","commons-27f510b9c2fb41829a76.js","commons-27f510b9c2fb41829a76.js.map","component---src-pages-404-js-d0b6463e93ec230f8fd3.js","component---src-pages-404-js-d0b6463e93ec230f8fd3.js.map"],"children":{},"childAssets":{}},"component---src-pages-index-js":{"chunks":[0,3],"assets":["commons.14cc9f171875772c1fca.css","commons-27f510b9c2fb41829a76.js","commons-27f510b9c2fb41829a76.js.map","component---src-pages-index-js-ebb55f67e0611a276406.js","component---src-pages-index-js-ebb55f67e0611a276406.js.map"],"children":{},"childAssets":{}}},"assetsByChunkName":{"app":["webpack-runtime-cb54dfbfa7a40a951522.js","commons.14cc9f171875772c1fca.css","commons-27f510b9c2fb41829a76.js","app-686b426fefa39778742b.js"],"component---src-pages-404-js":["commons.14cc9f171875772c1fca.css","commons-27f510b9c2fb41829a76.js","component---src-pages-404-js-d0b6463e93ec230f8fd3.js"],"component---src-pages-index-js":["commons.14cc9f171875772c1fca.css","commons-27f510b9c2fb41829a76.js","component---src-pages-index-js-ebb55f67e0611a276406.js"]}}